{
  "accuracy": 0.902,
  "macro_f1": 0.9035,
  "high_priority_recall": 0.9408,
  "classification_report": {
    "high": {
      "precision": 0.9109347442680776,
      "recall": 0.9408014571948998,
      "f1-score": 0.9256272401433692,
      "support": 1098.0
    },
    "low": {
      "precision": 0.9368118717089516,
      "recall": 0.9106561191251745,
      "f1-score": 0.9235488437942425,
      "support": 2149.0
    },
    "medium": {
      "precision": 0.855374226223973,
      "recall": 0.8670849971477467,
      "f1-score": 0.8611898016997167,
      "support": 1753.0
    },
    "accuracy": 0.902,
    "macro avg": {
      "precision": 0.9010402807336675,
      "recall": 0.906180857822607,
      "f1-score": 0.9034552952124427,
      "support": 5000.0
    },
    "weighted avg": {
      "precision": 0.9025772160159022,
      "recall": 0.902,
      "f1-score": 0.90214217947417,
      "support": 5000.0
    }
  },
  "confusion_matrix": [
    [
      1033,
      0,
      65
    ],
    [
      0,
      1957,
      192
    ],
    [
      101,
      132,
      1520
    ]
  ],
  "labels": [
    "high",
    "low",
    "medium"
  ],
  "validation_rows": 5000,
  "fairness_slices": {
    "vulnerability_flag": {
      "False": {
        "rows": 3617,
        "high_priority_rate": 0.084,
        "accuracy": 0.9007
      },
      "True": {
        "rows": 1383,
        "high_priority_rate": 0.6001,
        "accuracy": 0.9053
      }
    },
    "deprivation_band": {
      "high": {
        "rows": 1466,
        "high_priority_rate": 0.2851,
        "accuracy": 0.8997
      },
      "low": {
        "rows": 851,
        "high_priority_rate": 0.1986,
        "accuracy": 0.9001
      },
      "medium": {
        "rows": 2683,
        "high_priority_rate": 0.2039,
        "accuracy": 0.9038
      }
    },
    "service_type": {
      "adult_social_care": {
        "rows": 689,
        "high_priority_rate": 0.4891,
        "accuracy": 0.881
      },
      "benefits": {
        "rows": 677,
        "high_priority_rate": 0.0768,
        "accuracy": 0.9114
      },
      "children_services": {
        "rows": 965,
        "high_priority_rate": 0.4114,
        "accuracy": 0.9057
      },
      "council_tax": {
        "rows": 634,
        "high_priority_rate": 0.0568,
        "accuracy": 0.9006
      },
      "highways": {
        "rows": 906,
        "high_priority_rate": 0.0993,
        "accuracy": 0.9084
      },
      "housing": {
        "rows": 598,
        "high_priority_rate": 0.3278,
        "accuracy": 0.8712
      },
      "waste": {
        "rows": 531,
        "high_priority_rate": 0.049,
        "accuracy": 0.936
      }
    }
  }
}