{
  "accuracy": 0.9033,
  "classification_report": {
    "high": {
      "precision": 0.890625,
      "recall": 0.9661016949152542,
      "f1-score": 0.926829268292683,
      "support": 59.0
    },
    "low": {
      "precision": 0.9465648854961832,
      "recall": 0.9051094890510949,
      "f1-score": 0.9253731343283582,
      "support": 137.0
    },
    "medium": {
      "precision": 0.8571428571428571,
      "recall": 0.8653846153846154,
      "f1-score": 0.861244019138756,
      "support": 104.0
    },
    "accuracy": 0.9033333333333333,
    "macro avg": {
      "precision": 0.8981109142130134,
      "recall": 0.9121985997836548,
      "f1-score": 0.904482140586599,
      "support": 300.0
    },
    "weighted avg": {
      "precision": 0.9045637381861142,
      "recall": 0.9033333333333333,
      "f1-score": 0.90342808074228,
      "support": 300.0
    }
  },
  "confusion_matrix": [
    [
      57,
      0,
      2
    ],
    [
      0,
      124,
      13
    ],
    [
      7,
      7,
      90
    ]
  ],
  "labels": [
    "high",
    "low",
    "medium"
  ],
  "validation_rows": 300
}